"Kód štátu";"Kód oblasti";"Názov štátu";"Názov oblasti";"Pohlavie";"Ekonomické vekové skupiny";"Vzdelanie";"abs."
SK0;SK01;Slovenská republika;Bratislavský kraj;muž;predproduktívny vek (0-14 rokov);nezistené;585
SK0;SK01;Slovenská republika;Bratislavský kraj;muž;predproduktívny vek (0-14 rokov);základné vzdelanie - 1. stupeň základnej školy;15080
SK0;SK01;Slovenská republika;Bratislavský kraj;muž;predproduktívny vek (0-14 rokov);základné vzdelanie - 2. stupeň základnej školy;27
SK0;SK01;Slovenská republika;Bratislavský kraj;muž;predproduktívny vek (0-14 rokov);bez ukončeného vzdelania – osoby vo veku 0-14 rokov;46375
SK0;SK01;Slovenská republika;Bratislavský kraj;muž;produktívny vek (15-64 rokov);nezistené;17471
SK0;SK01;Slovenská republika;Bratislavský kraj;muž;produktívny vek (15-64 rokov);základné vzdelanie (bližšie neuvedené);215
SK0;SK01;Slovenská republika;Bratislavský kraj;muž;produktívny vek (15-64 rokov);základné vzdelanie - 1. stupeň základnej školy;2598
SK0;SK01;Slovenská republika;Bratislavský kraj;muž;produktívny vek (15-64 rokov);základné vzdelanie - 2. stupeň základnej školy;17567
SK0;SK01;Slovenská republika;Bratislavský kraj;muž;produktívny vek (15-64 rokov);stredné odborné (učňovské) vzdelanie bez maturity (bližšie neuvedené);684
SK0;SK01;Slovenská republika;Bratislavský kraj;muž;produktívny vek (15-64 rokov);stredné odborné (učňovské) vzdelanie bez maturity a bez výučného listu (zaškolenie, zaučenie);3068
SK0;SK01;Slovenská republika;Bratislavský kraj;muž;produktívny vek (15-64 rokov);stredné odborné (učňovské) vzdelanie bez maturity s výučným listom;27613
SK0;SK01;Slovenská republika;Bratislavský kraj;muž;produktívny vek (15-64 rokov);stredné odborné (učňovské) vzdelanie bez maturity s vysvedčením o záverečnej skúške;4428
SK0;SK01;Slovenská republika;Bratislavský kraj;muž;produktívny vek (15-64 rokov);úplné stredné vzdelanie s maturitou (bližšie neuvedené);154
SK0;SK01;Slovenská republika;Bratislavský kraj;muž;produktívny vek (15-64 rokov);úplné stredné vzdelanie s maturitou odborné (učňovské) s výučným listom;14697
SK0;SK01;Slovenská republika;Bratislavský kraj;muž;produktívny vek (15-64 rokov);úplné stredné vzdelanie s maturitou odborné;32808
SK0;SK01;Slovenská republika;Bratislavský kraj;muž;produktívny vek (15-64 rokov);úplné stredné vzdelanie s maturitou všeobecné;15049
SK0;SK01;Slovenská republika;Bratislavský kraj;muž;produktívny vek (15-64 rokov);vyššie odborné vzdelanie (bližšie neuvedené);3
SK0;SK01;Slovenská republika;Bratislavský kraj;muž;produktívny vek (15-64 rokov);vyššie odborné vzdelanie nadstavbové (maturita absolventov učebných odborov stredných odborných škôl);9807
SK0;SK01;Slovenská republika;Bratislavský kraj;muž;produktívny vek (15-64 rokov);vyššie odborné vzdelanie pomaturitné (pomaturitné kvalifikačné);1159
SK0;SK01;Slovenská republika;Bratislavský kraj;muž;produktívny vek (15-64 rokov);vyššie odborné vzdelanie vyššie odborné (absolventská skúška, absolventský diplom);1872
SK0;SK01;Slovenská republika;Bratislavský kraj;muž;produktívny vek (15-64 rokov);vysokoškolské vzdelanie (bližšie neuvedené);34
SK0;SK01;Slovenská republika;Bratislavský kraj;muž;produktívny vek (15-64 rokov);vysokoškolské vzdelanie - 1. stupeň (Bc.);9197
SK0;SK01;Slovenská republika;Bratislavský kraj;muž;produktívny vek (15-64 rokov);"vysokoškolské vzdelanie - 2. stupeň (Ing.; Mgr.; MUDr.; a i.)";67837
SK0;SK01;Slovenská republika;Bratislavský kraj;muž;produktívny vek (15-64 rokov);"vysokoškolské vzdelanie - 3. stupeň (PhD.; a i.)";6636
SK0;SK01;Slovenská republika;Bratislavský kraj;muž;produktívny vek (15-64 rokov);bez školského vzdelania – osoby vo veku 15 rokov a viac;536
SK0;SK01;Slovenská republika;Bratislavský kraj;muž;poproduktívny vek (65 a viac rokov);nezistené;2687
SK0;SK01;Slovenská republika;Bratislavský kraj;muž;poproduktívny vek (65 a viac rokov);základné vzdelanie (bližšie neuvedené);37
SK0;SK01;Slovenská republika;Bratislavský kraj;muž;poproduktívny vek (65 a viac rokov);základné vzdelanie - 1. stupeň základnej školy;345
SK0;SK01;Slovenská republika;Bratislavský kraj;muž;poproduktívny vek (65 a viac rokov);základné vzdelanie - 2. stupeň základnej školy;2390
SK0;SK01;Slovenská republika;Bratislavský kraj;muž;poproduktívny vek (65 a viac rokov);stredné odborné (učňovské) vzdelanie bez maturity (bližšie neuvedené);6
SK0;SK01;Slovenská republika;Bratislavský kraj;muž;poproduktívny vek (65 a viac rokov);stredné odborné (učňovské) vzdelanie bez maturity a bez výučného listu (zaškolenie, zaučenie);815
SK0;SK01;Slovenská republika;Bratislavský kraj;muž;poproduktívny vek (65 a viac rokov);stredné odborné (učňovské) vzdelanie bez maturity s výučným listom;10983
SK0;SK01;Slovenská republika;Bratislavský kraj;muž;poproduktívny vek (65 a viac rokov);stredné odborné (učňovské) vzdelanie bez maturity s vysvedčením o záverečnej skúške;1071
SK0;SK01;Slovenská republika;Bratislavský kraj;muž;poproduktívny vek (65 a viac rokov);úplné stredné vzdelanie s maturitou (bližšie neuvedené);132
SK0;SK01;Slovenská republika;Bratislavský kraj;muž;poproduktívny vek (65 a viac rokov);úplné stredné vzdelanie s maturitou odborné (učňovské) s výučným listom;2509
SK0;SK01;Slovenská republika;Bratislavský kraj;muž;poproduktívny vek (65 a viac rokov);úplné stredné vzdelanie s maturitou odborné;6527
SK0;SK01;Slovenská republika;Bratislavský kraj;muž;poproduktívny vek (65 a viac rokov);úplné stredné vzdelanie s maturitou všeobecné;1586
SK0;SK01;Slovenská republika;Bratislavský kraj;muž;poproduktívny vek (65 a viac rokov);vyššie odborné vzdelanie (bližšie neuvedené);1
SK0;SK01;Slovenská republika;Bratislavský kraj;muž;poproduktívny vek (65 a viac rokov);vyššie odborné vzdelanie nadstavbové (maturita absolventov učebných odborov stredných odborných škôl);1827
SK0;SK01;Slovenská republika;Bratislavský kraj;muž;poproduktívny vek (65 a viac rokov);vyššie odborné vzdelanie pomaturitné (pomaturitné kvalifikačné);423
SK0;SK01;Slovenská republika;Bratislavský kraj;muž;poproduktívny vek (65 a viac rokov);vyššie odborné vzdelanie vyššie odborné (absolventská skúška, absolventský diplom);745
SK0;SK01;Slovenská republika;Bratislavský kraj;muž;poproduktívny vek (65 a viac rokov);vysokoškolské vzdelanie (bližšie neuvedené);33
SK0;SK01;Slovenská republika;Bratislavský kraj;muž;poproduktívny vek (65 a viac rokov);vysokoškolské vzdelanie - 1. stupeň (Bc.);395
SK0;SK01;Slovenská republika;Bratislavský kraj;muž;poproduktívny vek (65 a viac rokov);"vysokoškolské vzdelanie - 2. stupeň (Ing.; Mgr.; MUDr.; a i.)";14772
SK0;SK01;Slovenská republika;Bratislavský kraj;muž;poproduktívny vek (65 a viac rokov);"vysokoškolské vzdelanie - 3. stupeň (PhD.; a i.)";3486
SK0;SK01;Slovenská republika;Bratislavský kraj;muž;poproduktívny vek (65 a viac rokov);bez školského vzdelania – osoby vo veku 15 rokov a viac;34
SK0;SK01;Slovenská republika;Bratislavský kraj;žena;predproduktívny vek (0-14 rokov);nezistené;550
SK0;SK01;Slovenská republika;Bratislavský kraj;žena;predproduktívny vek (0-14 rokov);základné vzdelanie - 1. stupeň základnej školy;14757
SK0;SK01;Slovenská republika;Bratislavský kraj;žena;predproduktívny vek (0-14 rokov);základné vzdelanie - 2. stupeň základnej školy;80
SK0;SK01;Slovenská republika;Bratislavský kraj;žena;predproduktívny vek (0-14 rokov);bez ukončeného vzdelania – osoby vo veku 0-14 rokov;43537
SK0;SK01;Slovenská republika;Bratislavský kraj;žena;produktívny vek (15-64 rokov);nezistené;11648
SK0;SK01;Slovenská republika;Bratislavský kraj;žena;produktívny vek (15-64 rokov);základné vzdelanie (bližšie neuvedené);151
SK0;SK01;Slovenská republika;Bratislavský kraj;žena;produktívny vek (15-64 rokov);základné vzdelanie - 1. stupeň základnej školy;2167
SK0;SK01;Slovenská republika;Bratislavský kraj;žena;produktívny vek (15-64 rokov);základné vzdelanie - 2. stupeň základnej školy;17011
SK0;SK01;Slovenská republika;Bratislavský kraj;žena;produktívny vek (15-64 rokov);stredné odborné (učňovské) vzdelanie bez maturity (bližšie neuvedené);153
SK0;SK01;Slovenská republika;Bratislavský kraj;žena;produktívny vek (15-64 rokov);stredné odborné (učňovské) vzdelanie bez maturity a bez výučného listu (zaškolenie, zaučenie);2477
SK0;SK01;Slovenská republika;Bratislavský kraj;žena;produktívny vek (15-64 rokov);stredné odborné (učňovské) vzdelanie bez maturity s výučným listom;16350
SK0;SK01;Slovenská republika;Bratislavský kraj;žena;produktívny vek (15-64 rokov);stredné odborné (učňovské) vzdelanie bez maturity s vysvedčením o záverečnej skúške;3209
SK0;SK01;Slovenská republika;Bratislavský kraj;žena;produktívny vek (15-64 rokov);úplné stredné vzdelanie s maturitou (bližšie neuvedené);140
SK0;SK01;Slovenská republika;Bratislavský kraj;žena;produktívny vek (15-64 rokov);úplné stredné vzdelanie s maturitou odborné (učňovské) s výučným listom;7984
SK0;SK01;Slovenská republika;Bratislavský kraj;žena;produktívny vek (15-64 rokov);úplné stredné vzdelanie s maturitou odborné;36784
SK0;SK01;Slovenská republika;Bratislavský kraj;žena;produktívny vek (15-64 rokov);úplné stredné vzdelanie s maturitou všeobecné;18490
SK0;SK01;Slovenská republika;Bratislavský kraj;žena;produktívny vek (15-64 rokov);vyššie odborné vzdelanie (bližšie neuvedené);3
SK0;SK01;Slovenská republika;Bratislavský kraj;žena;produktívny vek (15-64 rokov);vyššie odborné vzdelanie nadstavbové (maturita absolventov učebných odborov stredných odborných škôl);8448
SK0;SK01;Slovenská republika;Bratislavský kraj;žena;produktívny vek (15-64 rokov);vyššie odborné vzdelanie pomaturitné (pomaturitné kvalifikačné);2682
SK0;SK01;Slovenská republika;Bratislavský kraj;žena;produktívny vek (15-64 rokov);vyššie odborné vzdelanie vyššie odborné (absolventská skúška, absolventský diplom);3037
SK0;SK01;Slovenská republika;Bratislavský kraj;žena;produktívny vek (15-64 rokov);vysokoškolské vzdelanie (bližšie neuvedené);35
SK0;SK01;Slovenská republika;Bratislavský kraj;žena;produktívny vek (15-64 rokov);vysokoškolské vzdelanie - 1. stupeň (Bc.);11458
SK0;SK01;Slovenská republika;Bratislavský kraj;žena;produktívny vek (15-64 rokov);"vysokoškolské vzdelanie - 2. stupeň (Ing.; Mgr.; MUDr.; a i.)";89770
SK0;SK01;Slovenská republika;Bratislavský kraj;žena;produktívny vek (15-64 rokov);"vysokoškolské vzdelanie - 3. stupeň (PhD.; a i.)";6982
SK0;SK01;Slovenská republika;Bratislavský kraj;žena;produktívny vek (15-64 rokov);bez školského vzdelania – osoby vo veku 15 rokov a viac;358
SK0;SK01;Slovenská republika;Bratislavský kraj;žena;poproduktívny vek (65 a viac rokov);nezistené;3329
SK0;SK01;Slovenská republika;Bratislavský kraj;žena;poproduktívny vek (65 a viac rokov);základné vzdelanie (bližšie neuvedené);115
SK0;SK01;Slovenská republika;Bratislavský kraj;žena;poproduktívny vek (65 a viac rokov);základné vzdelanie - 1. stupeň základnej školy;947
SK0;SK01;Slovenská republika;Bratislavský kraj;žena;poproduktívny vek (65 a viac rokov);základné vzdelanie - 2. stupeň základnej školy;9788
SK0;SK01;Slovenská republika;Bratislavský kraj;žena;poproduktívny vek (65 a viac rokov);stredné odborné (učňovské) vzdelanie bez maturity a bez výučného listu (zaškolenie, zaučenie);2036
SK0;SK01;Slovenská republika;Bratislavský kraj;žena;poproduktívny vek (65 a viac rokov);stredné odborné (učňovské) vzdelanie bez maturity s výučným listom;9382
SK0;SK01;Slovenská republika;Bratislavský kraj;žena;poproduktívny vek (65 a viac rokov);stredné odborné (učňovské) vzdelanie bez maturity s vysvedčením o záverečnej skúške;2717
SK0;SK01;Slovenská republika;Bratislavský kraj;žena;poproduktívny vek (65 a viac rokov);úplné stredné vzdelanie s maturitou (bližšie neuvedené);177
SK0;SK01;Slovenská republika;Bratislavský kraj;žena;poproduktívny vek (65 a viac rokov);úplné stredné vzdelanie s maturitou odborné (učňovské) s výučným listom;2271
SK0;SK01;Slovenská republika;Bratislavský kraj;žena;poproduktívny vek (65 a viac rokov);úplné stredné vzdelanie s maturitou odborné;14061
SK0;SK01;Slovenská republika;Bratislavský kraj;žena;poproduktívny vek (65 a viac rokov);úplné stredné vzdelanie s maturitou všeobecné;7171
SK0;SK01;Slovenská republika;Bratislavský kraj;žena;poproduktívny vek (65 a viac rokov);vyššie odborné vzdelanie nadstavbové (maturita absolventov učebných odborov stredných odborných škôl);2713
SK0;SK01;Slovenská republika;Bratislavský kraj;žena;poproduktívny vek (65 a viac rokov);vyššie odborné vzdelanie pomaturitné (pomaturitné kvalifikačné);1389
SK0;SK01;Slovenská republika;Bratislavský kraj;žena;poproduktívny vek (65 a viac rokov);vyššie odborné vzdelanie vyššie odborné (absolventská skúška, absolventský diplom);1088
SK0;SK01;Slovenská republika;Bratislavský kraj;žena;poproduktívny vek (65 a viac rokov);vysokoškolské vzdelanie (bližšie neuvedené);15
SK0;SK01;Slovenská republika;Bratislavský kraj;žena;poproduktívny vek (65 a viac rokov);vysokoškolské vzdelanie - 1. stupeň (Bc.);511
SK0;SK01;Slovenská republika;Bratislavský kraj;žena;poproduktívny vek (65 a viac rokov);"vysokoškolské vzdelanie - 2. stupeň (Ing.; Mgr.; MUDr.; a i.)";14747
SK0;SK01;Slovenská republika;Bratislavský kraj;žena;poproduktívny vek (65 a viac rokov);"vysokoškolské vzdelanie - 3. stupeň (PhD.; a i.)";2454
SK0;SK01;Slovenská republika;Bratislavský kraj;žena;poproduktívny vek (65 a viac rokov);bez školského vzdelania – osoby vo veku 15 rokov a viac;61
SK0;SK02;Slovenská republika;Západné Slovensko;muž;predproduktívny vek (0-14 rokov);nezistené;1305
SK0;SK02;Slovenská republika;Západné Slovensko;muž;predproduktívny vek (0-14 rokov);základné vzdelanie - 1. stupeň základnej školy;36663
SK0;SK02;Slovenská republika;Západné Slovensko;muž;predproduktívny vek (0-14 rokov);základné vzdelanie - 2. stupeň základnej školy;20
SK0;SK02;Slovenská republika;Západné Slovensko;muž;predproduktívny vek (0-14 rokov);bez ukončeného vzdelania – osoby vo veku 0-14 rokov;94671
SK0;SK02;Slovenská republika;Západné Slovensko;muž;produktívny vek (15-64 rokov);nezistené;37284
SK0;SK02;Slovenská republika;Západné Slovensko;muž;produktívny vek (15-64 rokov);základné vzdelanie (bližšie neuvedené);785
SK0;SK02;Slovenská republika;Západné Slovensko;muž;produktívny vek (15-64 rokov);základné vzdelanie - 1. stupeň základnej školy;12611
SK0;SK02;Slovenská republika;Západné Slovensko;muž;produktívny vek (15-64 rokov);základné vzdelanie - 2. stupeň základnej školy;57599
SK0;SK02;Slovenská republika;Západné Slovensko;muž;produktívny vek (15-64 rokov);stredné odborné (učňovské) vzdelanie bez maturity (bližšie neuvedené);1843
SK0;SK02;Slovenská republika;Západné Slovensko;muž;produktívny vek (15-64 rokov);stredné odborné (učňovské) vzdelanie bez maturity a bez výučného listu (zaškolenie, zaučenie);11628
SK0;SK02;Slovenská republika;Západné Slovensko;muž;produktívny vek (15-64 rokov);stredné odborné (učňovské) vzdelanie bez maturity s výučným listom;148841
SK0;SK02;Slovenská republika;Západné Slovensko;muž;produktívny vek (15-64 rokov);stredné odborné (učňovské) vzdelanie bez maturity s vysvedčením o záverečnej skúške;19894
SK0;SK02;Slovenská republika;Západné Slovensko;muž;produktívny vek (15-64 rokov);úplné stredné vzdelanie s maturitou (bližšie neuvedené);266
SK0;SK02;Slovenská republika;Západné Slovensko;muž;produktívny vek (15-64 rokov);úplné stredné vzdelanie s maturitou odborné (učňovské) s výučným listom;59537
SK0;SK02;Slovenská republika;Západné Slovensko;muž;produktívny vek (15-64 rokov);úplné stredné vzdelanie s maturitou odborné;99183
SK0;SK02;Slovenská republika;Západné Slovensko;muž;produktívny vek (15-64 rokov);úplné stredné vzdelanie s maturitou všeobecné;28148
SK0;SK02;Slovenská republika;Západné Slovensko;muž;produktívny vek (15-64 rokov);vyššie odborné vzdelanie (bližšie neuvedené);8
SK0;SK02;Slovenská republika;Západné Slovensko;muž;produktívny vek (15-64 rokov);vyššie odborné vzdelanie nadstavbové (maturita absolventov učebných odborov stredných odborných škôl);30792
SK0;SK02;Slovenská republika;Západné Slovensko;muž;produktívny vek (15-64 rokov);vyššie odborné vzdelanie pomaturitné (pomaturitné kvalifikačné);3526
SK0;SK02;Slovenská republika;Západné Slovensko;muž;produktívny vek (15-64 rokov);vyššie odborné vzdelanie vyššie odborné (absolventská skúška, absolventský diplom);3090
SK0;SK02;Slovenská republika;Západné Slovensko;muž;produktívny vek (15-64 rokov);vysokoškolské vzdelanie (bližšie neuvedené);51
SK0;SK02;Slovenská republika;Západné Slovensko;muž;produktívny vek (15-64 rokov);vysokoškolské vzdelanie - 1. stupeň (Bc.);17306
SK0;SK02;Slovenská republika;Západné Slovensko;muž;produktívny vek (15-64 rokov);"vysokoškolské vzdelanie - 2. stupeň (Ing.; Mgr.; MUDr.; a i.)";84204
SK0;SK02;Slovenská republika;Západné Slovensko;muž;produktívny vek (15-64 rokov);"vysokoškolské vzdelanie - 3. stupeň (PhD.; a i.)";5337
SK0;SK02;Slovenská republika;Západné Slovensko;muž;produktívny vek (15-64 rokov);bez školského vzdelania – osoby vo veku 15 rokov a viac;2182
SK0;SK02;Slovenská republika;Západné Slovensko;muž;poproduktívny vek (65 a viac rokov);nezistené;4602
SK0;SK02;Slovenská republika;Západné Slovensko;muž;poproduktívny vek (65 a viac rokov);základné vzdelanie (bližšie neuvedené);323
SK0;SK02;Slovenská republika;Západné Slovensko;muž;poproduktívny vek (65 a viac rokov);základné vzdelanie - 1. stupeň základnej školy;2114
SK0;SK02;Slovenská republika;Západné Slovensko;muž;poproduktívny vek (65 a viac rokov);základné vzdelanie - 2. stupeň základnej školy;13711
SK0;SK02;Slovenská republika;Západné Slovensko;muž;poproduktívny vek (65 a viac rokov);stredné odborné (učňovské) vzdelanie bez maturity (bližšie neuvedené);16
SK0;SK02;Slovenská republika;Západné Slovensko;muž;poproduktívny vek (65 a viac rokov);stredné odborné (učňovské) vzdelanie bez maturity a bez výučného listu (zaškolenie, zaučenie);3356
SK0;SK02;Slovenská republika;Západné Slovensko;muž;poproduktívny vek (65 a viac rokov);stredné odborné (učňovské) vzdelanie bez maturity s výučným listom;50833
SK0;SK02;Slovenská republika;Západné Slovensko;muž;poproduktívny vek (65 a viac rokov);stredné odborné (učňovské) vzdelanie bez maturity s vysvedčením o záverečnej skúške;4245
SK0;SK02;Slovenská republika;Západné Slovensko;muž;poproduktívny vek (65 a viac rokov);úplné stredné vzdelanie s maturitou (bližšie neuvedené);258
SK0;SK02;Slovenská republika;Západné Slovensko;muž;poproduktívny vek (65 a viac rokov);úplné stredné vzdelanie s maturitou odborné (učňovské) s výučným listom;8641
SK0;SK02;Slovenská republika;Západné Slovensko;muž;poproduktívny vek (65 a viac rokov);úplné stredné vzdelanie s maturitou odborné;17749
SK0;SK02;Slovenská republika;Západné Slovensko;muž;poproduktívny vek (65 a viac rokov);úplné stredné vzdelanie s maturitou všeobecné;3303
SK0;SK02;Slovenská republika;Západné Slovensko;muž;poproduktívny vek (65 a viac rokov);vyššie odborné vzdelanie nadstavbové (maturita absolventov učebných odborov stredných odborných škôl);4125
SK0;SK02;Slovenská republika;Západné Slovensko;muž;poproduktívny vek (65 a viac rokov);vyššie odborné vzdelanie pomaturitné (pomaturitné kvalifikačné);985
SK0;SK02;Slovenská republika;Západné Slovensko;muž;poproduktívny vek (65 a viac rokov);vyššie odborné vzdelanie vyššie odborné (absolventská skúška, absolventský diplom);1235
SK0;SK02;Slovenská republika;Západné Slovensko;muž;poproduktívny vek (65 a viac rokov);vysokoškolské vzdelanie (bližšie neuvedené);24
SK0;SK02;Slovenská republika;Západné Slovensko;muž;poproduktívny vek (65 a viac rokov);vysokoškolské vzdelanie - 1. stupeň (Bc.);649
SK0;SK02;Slovenská republika;Západné Slovensko;muž;poproduktívny vek (65 a viac rokov);"vysokoškolské vzdelanie - 2. stupeň (Ing.; Mgr.; MUDr.; a i.)";17198
SK0;SK02;Slovenská republika;Západné Slovensko;muž;poproduktívny vek (65 a viac rokov);"vysokoškolské vzdelanie - 3. stupeň (PhD.; a i.)";1447
SK0;SK02;Slovenská republika;Západné Slovensko;muž;poproduktívny vek (65 a viac rokov);bez školského vzdelania – osoby vo veku 15 rokov a viac;194
SK0;SK02;Slovenská republika;Západné Slovensko;žena;predproduktívny vek (0-14 rokov);nezistené;1209
SK0;SK02;Slovenská republika;Západné Slovensko;žena;predproduktívny vek (0-14 rokov);základné vzdelanie - 1. stupeň základnej školy;35803
SK0;SK02;Slovenská republika;Západné Slovensko;žena;predproduktívny vek (0-14 rokov);základné vzdelanie - 2. stupeň základnej školy;105
SK0;SK02;Slovenská republika;Západné Slovensko;žena;predproduktívny vek (0-14 rokov);bez ukončeného vzdelania – osoby vo veku 0-14 rokov;88641
SK0;SK02;Slovenská republika;Západné Slovensko;žena;produktívny vek (15-64 rokov);nezistené;24055
SK0;SK02;Slovenská republika;Západné Slovensko;žena;produktívny vek (15-64 rokov);základné vzdelanie (bližšie neuvedené);756
SK0;SK02;Slovenská republika;Západné Slovensko;žena;produktívny vek (15-64 rokov);základné vzdelanie - 1. stupeň základnej školy;11315
SK0;SK02;Slovenská republika;Západné Slovensko;žena;produktívny vek (15-64 rokov);základné vzdelanie - 2. stupeň základnej školy;61682
SK0;SK02;Slovenská republika;Západné Slovensko;žena;produktívny vek (15-64 rokov);stredné odborné (učňovské) vzdelanie bez maturity (bližšie neuvedené);577
SK0;SK02;Slovenská republika;Západné Slovensko;žena;produktívny vek (15-64 rokov);stredné odborné (učňovské) vzdelanie bez maturity a bez výučného listu (zaškolenie, zaučenie);9494
SK0;SK02;Slovenská republika;Západné Slovensko;žena;produktívny vek (15-64 rokov);stredné odborné (učňovské) vzdelanie bez maturity s výučným listom;92780
SK0;SK02;Slovenská republika;Západné Slovensko;žena;produktívny vek (15-64 rokov);stredné odborné (učňovské) vzdelanie bez maturity s vysvedčením o záverečnej skúške;14134
SK0;SK02;Slovenská republika;Západné Slovensko;žena;produktívny vek (15-64 rokov);úplné stredné vzdelanie s maturitou (bližšie neuvedené);242
SK0;SK02;Slovenská republika;Západné Slovensko;žena;produktívny vek (15-64 rokov);úplné stredné vzdelanie s maturitou odborné (učňovské) s výučným listom;34691
SK0;SK02;Slovenská republika;Západné Slovensko;žena;produktívny vek (15-64 rokov);úplné stredné vzdelanie s maturitou odborné;115558
SK0;SK02;Slovenská republika;Západné Slovensko;žena;produktívny vek (15-64 rokov);úplné stredné vzdelanie s maturitou všeobecné;43170
SK0;SK02;Slovenská republika;Západné Slovensko;žena;produktívny vek (15-64 rokov);vyššie odborné vzdelanie (bližšie neuvedené);7
SK0;SK02;Slovenská republika;Západné Slovensko;žena;produktívny vek (15-64 rokov);vyššie odborné vzdelanie nadstavbové (maturita absolventov učebných odborov stredných odborných škôl);27517
SK0;SK02;Slovenská republika;Západné Slovensko;žena;produktívny vek (15-64 rokov);vyššie odborné vzdelanie pomaturitné (pomaturitné kvalifikačné);7969
SK0;SK02;Slovenská republika;Západné Slovensko;žena;produktívny vek (15-64 rokov);vyššie odborné vzdelanie vyššie odborné (absolventská skúška, absolventský diplom);6137
SK0;SK02;Slovenská republika;Západné Slovensko;žena;produktívny vek (15-64 rokov);vysokoškolské vzdelanie (bližšie neuvedené);41
SK0;SK02;Slovenská republika;Západné Slovensko;žena;produktívny vek (15-64 rokov);vysokoškolské vzdelanie - 1. stupeň (Bc.);28316
SK0;SK02;Slovenská republika;Západné Slovensko;žena;produktívny vek (15-64 rokov);"vysokoškolské vzdelanie - 2. stupeň (Ing.; Mgr.; MUDr.; a i.)";118232
SK0;SK02;Slovenská republika;Západné Slovensko;žena;produktívny vek (15-64 rokov);"vysokoškolské vzdelanie - 3. stupeň (PhD.; a i.)";5755
SK0;SK02;Slovenská republika;Západné Slovensko;žena;produktívny vek (15-64 rokov);bez školského vzdelania – osoby vo veku 15 rokov a viac;1770
SK0;SK02;Slovenská republika;Západné Slovensko;žena;poproduktívny vek (65 a viac rokov);nezistené;5764
SK0;SK02;Slovenská republika;Západné Slovensko;žena;poproduktívny vek (65 a viac rokov);základné vzdelanie (bližšie neuvedené);690
SK0;SK02;Slovenská republika;Západné Slovensko;žena;poproduktívny vek (65 a viac rokov);základné vzdelanie - 1. stupeň základnej školy;6500
SK0;SK02;Slovenská republika;Západné Slovensko;žena;poproduktívny vek (65 a viac rokov);základné vzdelanie - 2. stupeň základnej školy;55997
SK0;SK02;Slovenská republika;Západné Slovensko;žena;poproduktívny vek (65 a viac rokov);stredné odborné (učňovské) vzdelanie bez maturity (bližšie neuvedené);2
SK0;SK02;Slovenská republika;Západné Slovensko;žena;poproduktívny vek (65 a viac rokov);stredné odborné (učňovské) vzdelanie bez maturity a bez výučného listu (zaškolenie, zaučenie);8045
SK0;SK02;Slovenská republika;Západné Slovensko;žena;poproduktívny vek (65 a viac rokov);stredné odborné (učňovské) vzdelanie bez maturity s výučným listom;37493
SK0;SK02;Slovenská republika;Západné Slovensko;žena;poproduktívny vek (65 a viac rokov);stredné odborné (učňovské) vzdelanie bez maturity s vysvedčením o záverečnej skúške;6062
SK0;SK02;Slovenská republika;Západné Slovensko;žena;poproduktívny vek (65 a viac rokov);úplné stredné vzdelanie s maturitou (bližšie neuvedené);274
SK0;SK02;Slovenská republika;Západné Slovensko;žena;poproduktívny vek (65 a viac rokov);úplné stredné vzdelanie s maturitou odborné (učňovské) s výučným listom;6483
SK0;SK02;Slovenská republika;Západné Slovensko;žena;poproduktívny vek (65 a viac rokov);úplné stredné vzdelanie s maturitou odborné;31884
SK0;SK02;Slovenská republika;Západné Slovensko;žena;poproduktívny vek (65 a viac rokov);úplné stredné vzdelanie s maturitou všeobecné;13659
SK0;SK02;Slovenská republika;Západné Slovensko;žena;poproduktívny vek (65 a viac rokov);vyššie odborné vzdelanie nadstavbové (maturita absolventov učebných odborov stredných odborných škôl);5651
SK0;SK02;Slovenská republika;Západné Slovensko;žena;poproduktívny vek (65 a viac rokov);vyššie odborné vzdelanie pomaturitné (pomaturitné kvalifikačné);2929
SK0;SK02;Slovenská republika;Západné Slovensko;žena;poproduktívny vek (65 a viac rokov);vyššie odborné vzdelanie vyššie odborné (absolventská skúška, absolventský diplom);1737
SK0;SK02;Slovenská republika;Západné Slovensko;žena;poproduktívny vek (65 a viac rokov);vysokoškolské vzdelanie (bližšie neuvedené);23
SK0;SK02;Slovenská republika;Západné Slovensko;žena;poproduktívny vek (65 a viac rokov);vysokoškolské vzdelanie - 1. stupeň (Bc.);779
SK0;SK02;Slovenská republika;Západné Slovensko;žena;poproduktívny vek (65 a viac rokov);"vysokoškolské vzdelanie - 2. stupeň (Ing.; Mgr.; MUDr.; a i.)";14496
SK0;SK02;Slovenská republika;Západné Slovensko;žena;poproduktívny vek (65 a viac rokov);"vysokoškolské vzdelanie - 3. stupeň (PhD.; a i.)";786
SK0;SK02;Slovenská republika;Západné Slovensko;žena;poproduktívny vek (65 a viac rokov);bez školského vzdelania – osoby vo veku 15 rokov a viac;380
SK0;SK03;Slovenská republika;Stredné Slovensko;muž;predproduktívny vek (0-14 rokov);nezistené;1121
SK0;SK03;Slovenská republika;Stredné Slovensko;muž;predproduktívny vek (0-14 rokov);základné vzdelanie - 1. stupeň základnej školy;28879
SK0;SK03;Slovenská republika;Stredné Slovensko;muž;predproduktívny vek (0-14 rokov);základné vzdelanie - 2. stupeň základnej školy;14
SK0;SK03;Slovenská republika;Stredné Slovensko;muž;predproduktívny vek (0-14 rokov);bez ukončeného vzdelania – osoby vo veku 0-14 rokov;74004
SK0;SK03;Slovenská republika;Stredné Slovensko;muž;produktívny vek (15-64 rokov);nezistené;21732
SK0;SK03;Slovenská republika;Stredné Slovensko;muž;produktívny vek (15-64 rokov);základné vzdelanie (bližšie neuvedené);660
SK0;SK03;Slovenská republika;Stredné Slovensko;muž;produktívny vek (15-64 rokov);základné vzdelanie - 1. stupeň základnej školy;10220
SK0;SK03;Slovenská republika;Stredné Slovensko;muž;produktívny vek (15-64 rokov);základné vzdelanie - 2. stupeň základnej školy;48741
SK0;SK03;Slovenská republika;Stredné Slovensko;muž;produktívny vek (15-64 rokov);stredné odborné (učňovské) vzdelanie bez maturity (bližšie neuvedené);1286
SK0;SK03;Slovenská republika;Stredné Slovensko;muž;produktívny vek (15-64 rokov);stredné odborné (učňovské) vzdelanie bez maturity a bez výučného listu (zaškolenie, zaučenie);8285
SK0;SK03;Slovenská republika;Stredné Slovensko;muž;produktívny vek (15-64 rokov);stredné odborné (učňovské) vzdelanie bez maturity s výučným listom;100738
SK0;SK03;Slovenská republika;Stredné Slovensko;muž;produktívny vek (15-64 rokov);stredné odborné (učňovské) vzdelanie bez maturity s vysvedčením o záverečnej skúške;12095
SK0;SK03;Slovenská republika;Stredné Slovensko;muž;produktívny vek (15-64 rokov);úplné stredné vzdelanie s maturitou (bližšie neuvedené);129
SK0;SK03;Slovenská republika;Stredné Slovensko;muž;produktívny vek (15-64 rokov);úplné stredné vzdelanie s maturitou odborné (učňovské) s výučným listom;44732
SK0;SK03;Slovenská republika;Stredné Slovensko;muž;produktívny vek (15-64 rokov);úplné stredné vzdelanie s maturitou odborné;76337
SK0;SK03;Slovenská republika;Stredné Slovensko;muž;produktívny vek (15-64 rokov);úplné stredné vzdelanie s maturitou všeobecné;20890
SK0;SK03;Slovenská republika;Stredné Slovensko;muž;produktívny vek (15-64 rokov);vyššie odborné vzdelanie (bližšie neuvedené);7
SK0;SK03;Slovenská republika;Stredné Slovensko;muž;produktívny vek (15-64 rokov);vyššie odborné vzdelanie nadstavbové (maturita absolventov učebných odborov stredných odborných škôl);21120
SK0;SK03;Slovenská republika;Stredné Slovensko;muž;produktívny vek (15-64 rokov);vyššie odborné vzdelanie pomaturitné (pomaturitné kvalifikačné);2089
SK0;SK03;Slovenská republika;Stredné Slovensko;muž;produktívny vek (15-64 rokov);vyššie odborné vzdelanie vyššie odborné (absolventská skúška, absolventský diplom);1999
SK0;SK03;Slovenská republika;Stredné Slovensko;muž;produktívny vek (15-64 rokov);vysokoškolské vzdelanie (bližšie neuvedené);31
SK0;SK03;Slovenská republika;Stredné Slovensko;muž;produktívny vek (15-64 rokov);vysokoškolské vzdelanie - 1. stupeň (Bc.);11786
SK0;SK03;Slovenská republika;Stredné Slovensko;muž;produktívny vek (15-64 rokov);"vysokoškolské vzdelanie - 2. stupeň (Ing.; Mgr.; MUDr.; a i.)";62249
SK0;SK03;Slovenská republika;Stredné Slovensko;muž;produktívny vek (15-64 rokov);"vysokoškolské vzdelanie - 3. stupeň (PhD.; a i.)";4491
SK0;SK03;Slovenská republika;Stredné Slovensko;muž;produktívny vek (15-64 rokov);bez školského vzdelania – osoby vo veku 15 rokov a viac;1832
SK0;SK03;Slovenská republika;Stredné Slovensko;muž;poproduktívny vek (65 a viac rokov);nezistené;2605
SK0;SK03;Slovenská republika;Stredné Slovensko;muž;poproduktívny vek (65 a viac rokov);základné vzdelanie (bližšie neuvedené);150
SK0;SK03;Slovenská republika;Stredné Slovensko;muž;poproduktívny vek (65 a viac rokov);základné vzdelanie - 1. stupeň základnej školy;1317
SK0;SK03;Slovenská republika;Stredné Slovensko;muž;poproduktívny vek (65 a viac rokov);základné vzdelanie - 2. stupeň základnej školy;9022
SK0;SK03;Slovenská republika;Stredné Slovensko;muž;poproduktívny vek (65 a viac rokov);stredné odborné (učňovské) vzdelanie bez maturity (bližšie neuvedené);23
SK0;SK03;Slovenská republika;Stredné Slovensko;muž;poproduktívny vek (65 a viac rokov);stredné odborné (učňovské) vzdelanie bez maturity a bez výučného listu (zaškolenie, zaučenie);2206
SK0;SK03;Slovenská republika;Stredné Slovensko;muž;poproduktívny vek (65 a viac rokov);stredné odborné (učňovské) vzdelanie bez maturity s výučným listom;30920
SK0;SK03;Slovenská republika;Stredné Slovensko;muž;poproduktívny vek (65 a viac rokov);stredné odborné (učňovské) vzdelanie bez maturity s vysvedčením o záverečnej skúške;2395
SK0;SK03;Slovenská republika;Stredné Slovensko;muž;poproduktívny vek (65 a viac rokov);úplné stredné vzdelanie s maturitou (bližšie neuvedené);183
SK0;SK03;Slovenská republika;Stredné Slovensko;muž;poproduktívny vek (65 a viac rokov);úplné stredné vzdelanie s maturitou odborné (učňovské) s výučným listom;5672
SK0;SK03;Slovenská republika;Stredné Slovensko;muž;poproduktívny vek (65 a viac rokov);úplné stredné vzdelanie s maturitou odborné;13079
SK0;SK03;Slovenská republika;Stredné Slovensko;muž;poproduktívny vek (65 a viac rokov);úplné stredné vzdelanie s maturitou všeobecné;2189
SK0;SK03;Slovenská republika;Stredné Slovensko;muž;poproduktívny vek (65 a viac rokov);vyššie odborné vzdelanie nadstavbové (maturita absolventov učebných odborov stredných odborných škôl);2763
SK0;SK03;Slovenská republika;Stredné Slovensko;muž;poproduktívny vek (65 a viac rokov);vyššie odborné vzdelanie pomaturitné (pomaturitné kvalifikačné);732
SK0;SK03;Slovenská republika;Stredné Slovensko;muž;poproduktívny vek (65 a viac rokov);vyššie odborné vzdelanie vyššie odborné (absolventská skúška, absolventský diplom);874
SK0;SK03;Slovenská republika;Stredné Slovensko;muž;poproduktívny vek (65 a viac rokov);vysokoškolské vzdelanie (bližšie neuvedené);17
SK0;SK03;Slovenská republika;Stredné Slovensko;muž;poproduktívny vek (65 a viac rokov);vysokoškolské vzdelanie - 1. stupeň (Bc.);477
SK0;SK03;Slovenská republika;Stredné Slovensko;muž;poproduktívny vek (65 a viac rokov);"vysokoškolské vzdelanie - 2. stupeň (Ing.; Mgr.; MUDr.; a i.)";13386
SK0;SK03;Slovenská republika;Stredné Slovensko;muž;poproduktívny vek (65 a viac rokov);"vysokoškolské vzdelanie - 3. stupeň (PhD.; a i.)";1279
SK0;SK03;Slovenská republika;Stredné Slovensko;muž;poproduktívny vek (65 a viac rokov);bez školského vzdelania – osoby vo veku 15 rokov a viac;124
SK0;SK03;Slovenská republika;Stredné Slovensko;žena;predproduktívny vek (0-14 rokov);nezistené;1042
SK0;SK03;Slovenská republika;Stredné Slovensko;žena;predproduktívny vek (0-14 rokov);základné vzdelanie - 1. stupeň základnej školy;28333
SK0;SK03;Slovenská republika;Stredné Slovensko;žena;predproduktívny vek (0-14 rokov);základné vzdelanie - 2. stupeň základnej školy;54
SK0;SK03;Slovenská republika;Stredné Slovensko;žena;predproduktívny vek (0-14 rokov);bez ukončeného vzdelania – osoby vo veku 0-14 rokov;69924
SK0;SK03;Slovenská republika;Stredné Slovensko;žena;produktívny vek (15-64 rokov);nezistené;14456
SK0;SK03;Slovenská republika;Stredné Slovensko;žena;produktívny vek (15-64 rokov);základné vzdelanie (bližšie neuvedené);676
SK0;SK03;Slovenská republika;Stredné Slovensko;žena;produktívny vek (15-64 rokov);základné vzdelanie - 1. stupeň základnej školy;9170
SK0;SK03;Slovenská republika;Stredné Slovensko;žena;produktívny vek (15-64 rokov);základné vzdelanie - 2. stupeň základnej školy;50565
SK0;SK03;Slovenská republika;Stredné Slovensko;žena;produktívny vek (15-64 rokov);stredné odborné (učňovské) vzdelanie bez maturity (bližšie neuvedené);400
SK0;SK03;Slovenská republika;Stredné Slovensko;žena;produktívny vek (15-64 rokov);stredné odborné (učňovské) vzdelanie bez maturity a bez výučného listu (zaškolenie, zaučenie);6554
SK0;SK03;Slovenská republika;Stredné Slovensko;žena;produktívny vek (15-64 rokov);stredné odborné (učňovské) vzdelanie bez maturity s výučným listom;61779
SK0;SK03;Slovenská republika;Stredné Slovensko;žena;produktívny vek (15-64 rokov);stredné odborné (učňovské) vzdelanie bez maturity s vysvedčením o záverečnej skúške;8783
SK0;SK03;Slovenská republika;Stredné Slovensko;žena;produktívny vek (15-64 rokov);úplné stredné vzdelanie s maturitou (bližšie neuvedené);140
SK0;SK03;Slovenská republika;Stredné Slovensko;žena;produktívny vek (15-64 rokov);úplné stredné vzdelanie s maturitou odborné (učňovské) s výučným listom;24686
SK0;SK03;Slovenská republika;Stredné Slovensko;žena;produktívny vek (15-64 rokov);úplné stredné vzdelanie s maturitou odborné;85657
SK0;SK03;Slovenská republika;Stredné Slovensko;žena;produktívny vek (15-64 rokov);úplné stredné vzdelanie s maturitou všeobecné;31197
SK0;SK03;Slovenská republika;Stredné Slovensko;žena;produktívny vek (15-64 rokov);vyššie odborné vzdelanie (bližšie neuvedené);7
SK0;SK03;Slovenská republika;Stredné Slovensko;žena;produktívny vek (15-64 rokov);vyššie odborné vzdelanie nadstavbové (maturita absolventov učebných odborov stredných odborných škôl);18732
SK0;SK03;Slovenská republika;Stredné Slovensko;žena;produktívny vek (15-64 rokov);vyššie odborné vzdelanie pomaturitné (pomaturitné kvalifikačné);5097
SK0;SK03;Slovenská republika;Stredné Slovensko;žena;produktívny vek (15-64 rokov);vyššie odborné vzdelanie vyššie odborné (absolventská skúška, absolventský diplom);4360
SK0;SK03;Slovenská republika;Stredné Slovensko;žena;produktívny vek (15-64 rokov);vysokoškolské vzdelanie (bližšie neuvedené);23
SK0;SK03;Slovenská republika;Stredné Slovensko;žena;produktívny vek (15-64 rokov);vysokoškolské vzdelanie - 1. stupeň (Bc.);20995
SK0;SK03;Slovenská republika;Stredné Slovensko;žena;produktívny vek (15-64 rokov);"vysokoškolské vzdelanie - 2. stupeň (Ing.; Mgr.; MUDr.; a i.)";88387
SK0;SK03;Slovenská republika;Stredné Slovensko;žena;produktívny vek (15-64 rokov);"vysokoškolské vzdelanie - 3. stupeň (PhD.; a i.)";4546
SK0;SK03;Slovenská republika;Stredné Slovensko;žena;produktívny vek (15-64 rokov);bez školského vzdelania – osoby vo veku 15 rokov a viac;1425
SK0;SK03;Slovenská republika;Stredné Slovensko;žena;poproduktívny vek (65 a viac rokov);nezistené;3513
SK0;SK03;Slovenská republika;Stredné Slovensko;žena;poproduktívny vek (65 a viac rokov);základné vzdelanie (bližšie neuvedené);404
SK0;SK03;Slovenská republika;Stredné Slovensko;žena;poproduktívny vek (65 a viac rokov);základné vzdelanie - 1. stupeň základnej školy;4001
SK0;SK03;Slovenská republika;Stredné Slovensko;žena;poproduktívny vek (65 a viac rokov);základné vzdelanie - 2. stupeň základnej školy;34946
SK0;SK03;Slovenská republika;Stredné Slovensko;žena;poproduktívny vek (65 a viac rokov);stredné odborné (učňovské) vzdelanie bez maturity a bez výučného listu (zaškolenie, zaučenie);5575
SK0;SK03;Slovenská republika;Stredné Slovensko;žena;poproduktívny vek (65 a viac rokov);stredné odborné (učňovské) vzdelanie bez maturity s výučným listom;25245
SK0;SK03;Slovenská republika;Stredné Slovensko;žena;poproduktívny vek (65 a viac rokov);stredné odborné (učňovské) vzdelanie bez maturity s vysvedčením o záverečnej skúške;4365
SK0;SK03;Slovenská republika;Stredné Slovensko;žena;poproduktívny vek (65 a viac rokov);úplné stredné vzdelanie s maturitou (bližšie neuvedené);226
SK0;SK03;Slovenská republika;Stredné Slovensko;žena;poproduktívny vek (65 a viac rokov);úplné stredné vzdelanie s maturitou odborné (učňovské) s výučným listom;4647
SK0;SK03;Slovenská republika;Stredné Slovensko;žena;poproduktívny vek (65 a viac rokov);úplné stredné vzdelanie s maturitou odborné;24317
SK0;SK03;Slovenská republika;Stredné Slovensko;žena;poproduktívny vek (65 a viac rokov);úplné stredné vzdelanie s maturitou všeobecné;8386
SK0;SK03;Slovenská republika;Stredné Slovensko;žena;poproduktívny vek (65 a viac rokov);vyššie odborné vzdelanie nadstavbové (maturita absolventov učebných odborov stredných odborných škôl);3718
SK0;SK03;Slovenská republika;Stredné Slovensko;žena;poproduktívny vek (65 a viac rokov);vyššie odborné vzdelanie pomaturitné (pomaturitné kvalifikačné);2118
SK0;SK03;Slovenská republika;Stredné Slovensko;žena;poproduktívny vek (65 a viac rokov);vyššie odborné vzdelanie vyššie odborné (absolventská skúška, absolventský diplom);1254
SK0;SK03;Slovenská republika;Stredné Slovensko;žena;poproduktívny vek (65 a viac rokov);vysokoškolské vzdelanie (bližšie neuvedené);16
SK0;SK03;Slovenská republika;Stredné Slovensko;žena;poproduktívny vek (65 a viac rokov);vysokoškolské vzdelanie - 1. stupeň (Bc.);513
SK0;SK03;Slovenská republika;Stredné Slovensko;žena;poproduktívny vek (65 a viac rokov);"vysokoškolské vzdelanie - 2. stupeň (Ing.; Mgr.; MUDr.; a i.)";11165
SK0;SK03;Slovenská republika;Stredné Slovensko;žena;poproduktívny vek (65 a viac rokov);"vysokoškolské vzdelanie - 3. stupeň (PhD.; a i.)";660
SK0;SK03;Slovenská republika;Stredné Slovensko;žena;poproduktívny vek (65 a viac rokov);bez školského vzdelania – osoby vo veku 15 rokov a viac;277
SK0;SK04;Slovenská republika;Východné Slovensko;muž;predproduktívny vek (0-14 rokov);nezistené;3290
SK0;SK04;Slovenská republika;Východné Slovensko;muž;predproduktívny vek (0-14 rokov);základné vzdelanie (bližšie neuvedené);1
SK0;SK04;Slovenská republika;Východné Slovensko;muž;predproduktívny vek (0-14 rokov);základné vzdelanie - 1. stupeň základnej školy;36535
SK0;SK04;Slovenská republika;Východné Slovensko;muž;predproduktívny vek (0-14 rokov);základné vzdelanie - 2. stupeň základnej školy;5
SK0;SK04;Slovenská republika;Východné Slovensko;muž;predproduktívny vek (0-14 rokov);bez ukončeného vzdelania – osoby vo veku 0-14 rokov;105701
SK0;SK04;Slovenská republika;Východné Slovensko;muž;produktívny vek (15-64 rokov);nezistené;31919
SK0;SK04;Slovenská republika;Východné Slovensko;muž;produktívny vek (15-64 rokov);základné vzdelanie (bližšie neuvedené);1277
SK0;SK04;Slovenská republika;Východné Slovensko;muž;produktívny vek (15-64 rokov);základné vzdelanie - 1. stupeň základnej školy;19029
SK0;SK04;Slovenská republika;Východné Slovensko;muž;produktívny vek (15-64 rokov);základné vzdelanie - 2. stupeň základnej školy;75468
SK0;SK04;Slovenská republika;Východné Slovensko;muž;produktívny vek (15-64 rokov);stredné odborné (učňovské) vzdelanie bez maturity (bližšie neuvedené);1333
SK0;SK04;Slovenská republika;Východné Slovensko;muž;produktívny vek (15-64 rokov);stredné odborné (učňovské) vzdelanie bez maturity a bez výučného listu (zaškolenie, zaučenie);10153
SK0;SK04;Slovenská republika;Východné Slovensko;muž;produktívny vek (15-64 rokov);stredné odborné (učňovské) vzdelanie bez maturity s výučným listom;101724
SK0;SK04;Slovenská republika;Východné Slovensko;muž;produktívny vek (15-64 rokov);stredné odborné (učňovské) vzdelanie bez maturity s vysvedčením o záverečnej skúške;12341
SK0;SK04;Slovenská republika;Východné Slovensko;muž;produktívny vek (15-64 rokov);úplné stredné vzdelanie s maturitou (bližšie neuvedené);191
SK0;SK04;Slovenská republika;Východné Slovensko;muž;produktívny vek (15-64 rokov);úplné stredné vzdelanie s maturitou odborné (učňovské) s výučným listom;47917
SK0;SK04;Slovenská republika;Východné Slovensko;muž;produktívny vek (15-64 rokov);úplné stredné vzdelanie s maturitou odborné;85392
SK0;SK04;Slovenská republika;Východné Slovensko;muž;produktívny vek (15-64 rokov);úplné stredné vzdelanie s maturitou všeobecné;24529
SK0;SK04;Slovenská republika;Východné Slovensko;muž;produktívny vek (15-64 rokov);vyššie odborné vzdelanie (bližšie neuvedené);2
SK0;SK04;Slovenská republika;Východné Slovensko;muž;produktívny vek (15-64 rokov);vyššie odborné vzdelanie nadstavbové (maturita absolventov učebných odborov stredných odborných škôl);23804
SK0;SK04;Slovenská republika;Východné Slovensko;muž;produktívny vek (15-64 rokov);vyššie odborné vzdelanie pomaturitné (pomaturitné kvalifikačné);2654
SK0;SK04;Slovenská republika;Východné Slovensko;muž;produktívny vek (15-64 rokov);vyššie odborné vzdelanie vyššie odborné (absolventská skúška, absolventský diplom);2431
SK0;SK04;Slovenská republika;Východné Slovensko;muž;produktívny vek (15-64 rokov);vysokoškolské vzdelanie (bližšie neuvedené);36
SK0;SK04;Slovenská republika;Východné Slovensko;muž;produktívny vek (15-64 rokov);vysokoškolské vzdelanie - 1. stupeň (Bc.);13946
SK0;SK04;Slovenská republika;Východné Slovensko;muž;produktívny vek (15-64 rokov);"vysokoškolské vzdelanie - 2. stupeň (Ing.; Mgr.; MUDr.; a i.)";77338
SK0;SK04;Slovenská republika;Východné Slovensko;muž;produktívny vek (15-64 rokov);"vysokoškolské vzdelanie - 3. stupeň (PhD.; a i.)";5047
SK0;SK04;Slovenská republika;Východné Slovensko;muž;produktívny vek (15-64 rokov);bez školského vzdelania – osoby vo veku 15 rokov a viac;2902
SK0;SK04;Slovenská republika;Východné Slovensko;muž;poproduktívny vek (65 a viac rokov);nezistené;3668
SK0;SK04;Slovenská republika;Východné Slovensko;muž;poproduktívny vek (65 a viac rokov);základné vzdelanie (bližšie neuvedené);155
SK0;SK04;Slovenská republika;Východné Slovensko;muž;poproduktívny vek (65 a viac rokov);základné vzdelanie - 1. stupeň základnej školy;1734
SK0;SK04;Slovenská republika;Východné Slovensko;muž;poproduktívny vek (65 a viac rokov);základné vzdelanie - 2. stupeň základnej školy;9196
SK0;SK04;Slovenská republika;Východné Slovensko;muž;poproduktívny vek (65 a viac rokov);stredné odborné (učňovské) vzdelanie bez maturity (bližšie neuvedené);8
SK0;SK04;Slovenská republika;Východné Slovensko;muž;poproduktívny vek (65 a viac rokov);stredné odborné (učňovské) vzdelanie bez maturity a bez výučného listu (zaškolenie, zaučenie);2394
SK0;SK04;Slovenská republika;Východné Slovensko;muž;poproduktívny vek (65 a viac rokov);stredné odborné (učňovské) vzdelanie bez maturity s výučným listom;32460
SK0;SK04;Slovenská republika;Východné Slovensko;muž;poproduktívny vek (65 a viac rokov);stredné odborné (učňovské) vzdelanie bez maturity s vysvedčením o záverečnej skúške;2502
SK0;SK04;Slovenská republika;Východné Slovensko;muž;poproduktívny vek (65 a viac rokov);úplné stredné vzdelanie s maturitou (bližšie neuvedené);211
SK0;SK04;Slovenská republika;Východné Slovensko;muž;poproduktívny vek (65 a viac rokov);úplné stredné vzdelanie s maturitou odborné (učňovské) s výučným listom;6196
SK0;SK04;Slovenská republika;Východné Slovensko;muž;poproduktívny vek (65 a viac rokov);úplné stredné vzdelanie s maturitou odborné;15636
SK0;SK04;Slovenská republika;Východné Slovensko;muž;poproduktívny vek (65 a viac rokov);úplné stredné vzdelanie s maturitou všeobecné;2648
SK0;SK04;Slovenská republika;Východné Slovensko;muž;poproduktívny vek (65 a viac rokov);vyššie odborné vzdelanie nadstavbové (maturita absolventov učebných odborov stredných odborných škôl);3014
SK0;SK04;Slovenská republika;Východné Slovensko;muž;poproduktívny vek (65 a viac rokov);vyššie odborné vzdelanie pomaturitné (pomaturitné kvalifikačné);746
SK0;SK04;Slovenská republika;Východné Slovensko;muž;poproduktívny vek (65 a viac rokov);vyššie odborné vzdelanie vyššie odborné (absolventská skúška, absolventský diplom);946
SK0;SK04;Slovenská republika;Východné Slovensko;muž;poproduktívny vek (65 a viac rokov);vysokoškolské vzdelanie (bližšie neuvedené);13
SK0;SK04;Slovenská republika;Východné Slovensko;muž;poproduktívny vek (65 a viac rokov);vysokoškolské vzdelanie - 1. stupeň (Bc.);458
SK0;SK04;Slovenská republika;Východné Slovensko;muž;poproduktívny vek (65 a viac rokov);"vysokoškolské vzdelanie - 2. stupeň (Ing.; Mgr.; MUDr.; a i.)";13793
SK0;SK04;Slovenská republika;Východné Slovensko;muž;poproduktívny vek (65 a viac rokov);"vysokoškolské vzdelanie - 3. stupeň (PhD.; a i.)";1501
SK0;SK04;Slovenská republika;Východné Slovensko;muž;poproduktívny vek (65 a viac rokov);bez školského vzdelania – osoby vo veku 15 rokov a viac;166
SK0;SK04;Slovenská republika;Východné Slovensko;žena;predproduktívny vek (0-14 rokov);nezistené;3055
SK0;SK04;Slovenská republika;Východné Slovensko;žena;predproduktívny vek (0-14 rokov);základné vzdelanie - 1. stupeň základnej školy;35681
SK0;SK04;Slovenská republika;Východné Slovensko;žena;predproduktívny vek (0-14 rokov);základné vzdelanie - 2. stupeň základnej školy;17
SK0;SK04;Slovenská republika;Východné Slovensko;žena;predproduktívny vek (0-14 rokov);bez ukončeného vzdelania – osoby vo veku 0-14 rokov;100346
SK0;SK04;Slovenská republika;Východné Slovensko;žena;produktívny vek (15-64 rokov);nezistené;24552
SK0;SK04;Slovenská republika;Východné Slovensko;žena;produktívny vek (15-64 rokov);základné vzdelanie (bližšie neuvedené);1203
SK0;SK04;Slovenská republika;Východné Slovensko;žena;produktívny vek (15-64 rokov);základné vzdelanie - 1. stupeň základnej školy;18605
SK0;SK04;Slovenská republika;Východné Slovensko;žena;produktívny vek (15-64 rokov);základné vzdelanie - 2. stupeň základnej školy;77347
SK0;SK04;Slovenská republika;Východné Slovensko;žena;produktívny vek (15-64 rokov);stredné odborné (učňovské) vzdelanie bez maturity (bližšie neuvedené);502
SK0;SK04;Slovenská republika;Východné Slovensko;žena;produktívny vek (15-64 rokov);stredné odborné (učňovské) vzdelanie bez maturity a bez výučného listu (zaškolenie, zaučenie);8362
SK0;SK04;Slovenská republika;Východné Slovensko;žena;produktívny vek (15-64 rokov);stredné odborné (učňovské) vzdelanie bez maturity s výučným listom;63844
SK0;SK04;Slovenská republika;Východné Slovensko;žena;produktívny vek (15-64 rokov);stredné odborné (učňovské) vzdelanie bez maturity s vysvedčením o záverečnej skúške;9683
SK0;SK04;Slovenská republika;Východné Slovensko;žena;produktívny vek (15-64 rokov);úplné stredné vzdelanie s maturitou (bližšie neuvedené);178
SK0;SK04;Slovenská republika;Východné Slovensko;žena;produktívny vek (15-64 rokov);úplné stredné vzdelanie s maturitou odborné (učňovské) s výučným listom;26051
SK0;SK04;Slovenská republika;Východné Slovensko;žena;produktívny vek (15-64 rokov);úplné stredné vzdelanie s maturitou odborné;91586
SK0;SK04;Slovenská republika;Východné Slovensko;žena;produktívny vek (15-64 rokov);úplné stredné vzdelanie s maturitou všeobecné;34350
SK0;SK04;Slovenská republika;Východné Slovensko;žena;produktívny vek (15-64 rokov);vyššie odborné vzdelanie (bližšie neuvedené);5
SK0;SK04;Slovenská republika;Východné Slovensko;žena;produktívny vek (15-64 rokov);vyššie odborné vzdelanie nadstavbové (maturita absolventov učebných odborov stredných odborných škôl);19973
SK0;SK04;Slovenská republika;Východné Slovensko;žena;produktívny vek (15-64 rokov);vyššie odborné vzdelanie pomaturitné (pomaturitné kvalifikačné);5979
SK0;SK04;Slovenská republika;Východné Slovensko;žena;produktívny vek (15-64 rokov);vyššie odborné vzdelanie vyššie odborné (absolventská skúška, absolventský diplom);4686
SK0;SK04;Slovenská republika;Východné Slovensko;žena;produktívny vek (15-64 rokov);vysokoškolské vzdelanie (bližšie neuvedené);27
SK0;SK04;Slovenská republika;Východné Slovensko;žena;produktívny vek (15-64 rokov);vysokoškolské vzdelanie - 1. stupeň (Bc.);24370
SK0;SK04;Slovenská republika;Východné Slovensko;žena;produktívny vek (15-64 rokov);"vysokoškolské vzdelanie - 2. stupeň (Ing.; Mgr.; MUDr.; a i.)";104098
SK0;SK04;Slovenská republika;Východné Slovensko;žena;produktívny vek (15-64 rokov);"vysokoškolské vzdelanie - 3. stupeň (PhD.; a i.)";5365
SK0;SK04;Slovenská republika;Východné Slovensko;žena;produktívny vek (15-64 rokov);bez školského vzdelania – osoby vo veku 15 rokov a viac;2313
SK0;SK04;Slovenská republika;Východné Slovensko;žena;poproduktívny vek (65 a viac rokov);nezistené;4562
SK0;SK04;Slovenská republika;Východné Slovensko;žena;poproduktívny vek (65 a viac rokov);základné vzdelanie (bližšie neuvedené);399
SK0;SK04;Slovenská republika;Východné Slovensko;žena;poproduktívny vek (65 a viac rokov);základné vzdelanie - 1. stupeň základnej školy;4839
SK0;SK04;Slovenská republika;Východné Slovensko;žena;poproduktívny vek (65 a viac rokov);základné vzdelanie - 2. stupeň základnej školy;36016
SK0;SK04;Slovenská republika;Východné Slovensko;žena;poproduktívny vek (65 a viac rokov);stredné odborné (učňovské) vzdelanie bez maturity a bez výučného listu (zaškolenie, zaučenie);5862
SK0;SK04;Slovenská republika;Východné Slovensko;žena;poproduktívny vek (65 a viac rokov);stredné odborné (učňovské) vzdelanie bez maturity s výučným listom;26930
SK0;SK04;Slovenská republika;Východné Slovensko;žena;poproduktívny vek (65 a viac rokov);stredné odborné (učňovské) vzdelanie bez maturity s vysvedčením o záverečnej skúške;4371
SK0;SK04;Slovenská republika;Východné Slovensko;žena;poproduktívny vek (65 a viac rokov);úplné stredné vzdelanie s maturitou (bližšie neuvedené);238
SK0;SK04;Slovenská republika;Východné Slovensko;žena;poproduktívny vek (65 a viac rokov);úplné stredné vzdelanie s maturitou odborné (učňovské) s výučným listom;4882
SK0;SK04;Slovenská republika;Východné Slovensko;žena;poproduktívny vek (65 a viac rokov);úplné stredné vzdelanie s maturitou odborné;27298
SK0;SK04;Slovenská republika;Východné Slovensko;žena;poproduktívny vek (65 a viac rokov);úplné stredné vzdelanie s maturitou všeobecné;10616
SK0;SK04;Slovenská republika;Východné Slovensko;žena;poproduktívny vek (65 a viac rokov);vyššie odborné vzdelanie nadstavbové (maturita absolventov učebných odborov stredných odborných škôl);4084
SK0;SK04;Slovenská republika;Východné Slovensko;žena;poproduktívny vek (65 a viac rokov);vyššie odborné vzdelanie pomaturitné (pomaturitné kvalifikačné);2344
SK0;SK04;Slovenská republika;Východné Slovensko;žena;poproduktívny vek (65 a viac rokov);vyššie odborné vzdelanie vyššie odborné (absolventská skúška, absolventský diplom);1258
SK0;SK04;Slovenská republika;Východné Slovensko;žena;poproduktívny vek (65 a viac rokov);vysokoškolské vzdelanie (bližšie neuvedené);25
SK0;SK04;Slovenská republika;Východné Slovensko;žena;poproduktívny vek (65 a viac rokov);vysokoškolské vzdelanie - 1. stupeň (Bc.);524
SK0;SK04;Slovenská republika;Východné Slovensko;žena;poproduktívny vek (65 a viac rokov);"vysokoškolské vzdelanie - 2. stupeň (Ing.; Mgr.; MUDr.; a i.)";11104
SK0;SK04;Slovenská republika;Východné Slovensko;žena;poproduktívny vek (65 a viac rokov);"vysokoškolské vzdelanie - 3. stupeň (PhD.; a i.)";774
SK0;SK04;Slovenská republika;Východné Slovensko;žena;poproduktívny vek (65 a viac rokov);bez školského vzdelania – osoby vo veku 15 rokov a viac;433
